<?xml version="1.0" encoding="UTF-8"?>
<!DOCTYPE hibernate-mapping PUBLIC 
    "-//Hibernate/Hibernate Mapping DTD 3.0//EN"
    "http://www.hibernate.org/dtd/hibernate-mapping-3.0.dtd">
    
<hibernate-mapping>
	<!-- 建立类与表的映射 -->
	<class name="yorbesta.vip.bean.Blog" table="blog">
		<id name="blogId" column="blogId">
			<generator class="identity"/>
		</id>
		<!-- 普通属性 -->
		<property name="blogTitle" column="blogTitle" type="string"/>
		<property name="blogDate" column="blogDate"/>
		<property name="blogContent" column="blogContent" type="text"/>
		<property name="blogBackPic" column="blogBackPic" type="string"/>
		<property name="blogSummary" column="blogSummary" type="string"/>
		<property name="blogTag" column="blogTag" type="string"/>
	</class>
	

</hibernate-mapping>
