<?xml version="1.0" encoding="UTF-8"?>
<!DOCTYPE hibernate-mapping PUBLIC 
    "-//Hibernate/Hibernate Mapping DTD 3.0//EN"
    "http://www.hibernate.org/dtd/hibernate-mapping-3.0.dtd">
    
<hibernate-mapping>

	<!-- 建立类与表的映射 -->
	<class name="yorbesta.vip.bean.Menu" table="menu">
		<id name="menuId" column="menuId" type="java.lang.Integer">
			<generator class="identity"/>
		</id>
		<!-- 普通属性 -->
		<property name="menuName" column="menuName" type="string"/>
		<property name="menuFather" column="menuFather"/>
		<property name="menuUrl" column="menuUrl" type="string"/>
		<property name="menuPic" column="menuPic"/>
		<property name="menuOrder" column="menuOrder"/>
		<list name="childMenus" table="menu_child"  cascade="all"  lazy="false">
            <key column="fatherId" ></key>
               <list-index column="idx"></list-index>
           <one-to-many class="yorbesta.vip.bean.Menu"/>
        </list>
	</class>
	

</hibernate-mapping>
