<?xml version="1.0" encoding="UTF-8"?>
<!DOCTYPE hibernate-mapping PUBLIC 
    "-//Hibernate/Hibernate Mapping DTD 3.0//EN"
    "http://www.hibernate.org/dtd/hibernate-mapping-3.0.dtd">
    
<hibernate-mapping>
	<!-- 建立类与表的映射 -->
	<class name="yorbesta.vip.bean.User" table="user">
		<id name="userId" column="userId">
			<generator class="identity"/>
		</id>
		<!-- 普通属性 -->
		<property name="userName" column="userName" type="string"/>
		<property name="userPic" column="userPic" type="string"/>
		<property name="userNickName" column="userNickName"/>
		<property name="userPassWord" column="userPassWord" type="string"/>
		<property name="userEmail" column="userEmail"/>
	</class>
	

</hibernate-mapping>
