<?xml version="1.0" encoding="UTF-8"?>
<!DOCTYPE hibernate-configuration PUBLIC
	"-//Hibernate/Hibernate Configuration DTD 3.0//EN"
	"http://www.hibernate.org/dtd/hibernate-configuration-3.0.dtd">

<hibernate-configuration>
<session-factory>
	<property name="hibernate.dialect">org.hibernate.dialect.MySQLDialect</property>
	<!-- 可选的属性 -->
	<property name="hibernate.show_sql">true</property>
	<property name="hibernate.format_sql">true</property>
	<property name="hibernate.connection.autocommit">false</property>
	<property name="hibernate.hbm2ddl.auto">update</property>
	<!-- 设置本地session -->
	<!-- <property name="hibernate.current_session_context_class">thread</property> -->
	<!-- 通知Hibernate加载那些映射文件 -->
	<mapping resource="yorbesta/vip/bean/User.hbm.xml" />
	<mapping resource="yorbesta/vip/bean/Menu.hbm.xml" />
    <mapping resource="yorbesta/vip/bean/Role.hbm.xml" />
    <mapping resource="yorbesta/vip/bean/Ico.hbm.xml" />
    <mapping resource="yorbesta/vip/bean/Notice.hbm.xml" />
    <mapping resource="yorbesta/vip/bean/UserNotice.hbm.xml" />
    <mapping resource="yorbesta/vip/bean/Files.hbm.xml" />
    <mapping resource="yorbesta/vip/bean/Pics.hbm.xml" />
    <mapping resource="yorbesta/vip/bean/Blog.hbm.xml" />
     <mapping resource="yorbesta/vip/bean/WebInfo.hbm.xml" />
</session-factory>
</hibernate-configuration>