<?xml version="1.0" encoding="UTF-8" ?>
<!DOCTYPE mapper PUBLIC "-//mybatis.org//DTD Mapper 3.0//EN" "http://mybatis.org/dtd/mybatis-3-mapper.dtd" >
<mapper namespace="com.chen.mapper.CartMapper" >
	
	<insert id="insert"  parameterType="com.chen.pojo.Cart" >
		insert into cart(gid,img,name,type,price,num,user_name) values
		(#{gid},#{img},#{name},#{type},#{price},#{num},#{userName})
	</insert>
	
	<delete id="delete" parameterType="com.chen.pojo.Cart" >
		delete from cart where gid=#{gid} and type=#{type} and user_name=#{userName}
	</delete>
	
	<update id="update" parameterType="com.chen.pojo.Cart" >
		update cart set num=#{num} where gid=#{gid} and type=#{type} and user_name=#{userName}
	</update>
	
	<select id="getAll" parameterType="com.chen.pojo.Cart" resultType="com.chen.pojo.Cart">
		select * from cart where user_name=#{userName}
	</select>
	
	<select id="getCartByGid" parameterType="com.chen.pojo.Cart" resultType="com.chen.pojo.Cart">
		select * from cart where gid=#{gid} and type=#{type} and user_name=#{userName}
	</select>
	

</mapper>