<?xml version="1.0" encoding="UTF-8" ?>
<!DOCTYPE mapper PUBLIC "-//mybatis.org//DTD Mapper 3.0//EN" "http://mybatis.org/dtd/mybatis-3-mapper.dtd" >
<mapper namespace="com.chen.mapper.GoodsMapper" >

	<select id="getGoodById" resultType="com.chen.pojo.Goods" >
		select * from goods where id=#{id}
	</select>
	
	<select id="getAll" resultType="com.chen.pojo.Goods" >
		select * from goods
	</select>
	
	<select id="getGoodByName" resultType="com.chen.pojo.Goods" >
		select * from goods where name like #{name}
	</select>
	
	<delete id="delete">
		delete from goods where id=#{id}
	</delete>
	
	<update id="update">
		update goods set name=#{name},price=#{price},stock=#{stock},img1=#{img1},img2=#{img2},img3=#{img3},img4=#{img4} where id=#{id}
	</update>
	
	<insert id="insert">
		insert into goods(id,name,price,stock,img1,img2,img3,img4) values(#{id},#{name},#{price},#{stock},#{img1},#{img2},#{img3},#{img4})
	</insert>
	
</mapper>